作品,人物,PageRank,介数中心性,度中心性,接近中心性
朝花夕拾,田涉,0.02564102564102564,0.0,0.02631578947368421,0.02631578947368421
朝花夕拾,鲁迅,0.02564102564102564,0.0,0.02631578947368421,0.02631578947368421
朝花夕拾,范爱农,0.02564102564102564,0.0,0.02631578947368421,0.02631578947368421
朝花夕拾,藤野,0.02564102564102564,0.0,0.02631578947368421,0.02631578947368421
朝花夕拾,山海经,0.02564102564102564,0.0,0.02631578947368421,0.02631578947368421
朝花夕拾,阿长,0.02564102564102564,0.0,0.02631578947368421,0.02631578947368421
朝花夕拾,麻叔谋,0.02564102564102564,0.0,0.02631578947368421,0.02631578947368421
朝花夕拾,麻胡,0.02564102564102564,0.0,0.02631578947368421,0.02631578947368421
朝花夕拾,老莱子,0.02564102564102564,0.0,0.05263157894736842,0.05263157894736842
朝花夕拾,莱子,0.02564102564102564,0.0,0.05263157894736842,0.05263157894736842
朝花夕拾,老莱,0.02564102564102564,0.0,0.05263157894736842,0.05263157894736842
朝花夕拾,和尚,0.02564102564102564,0.0,0.02631578947368421,0.02631578947368421
朝花夕拾,老和尚,0.02564102564102564,0.0,0.02631578947368421,0.02631578947368421
朝花夕拾,麻祜,0.02564102564102564,0.0,0.02631578947368421,0.02631578947368421
朝花夕拾,麻祜庙,0.02564102564102564,0.0,0.02631578947368421,0.02631578947368421
朝花夕拾,纪常,0.027268362894137442,0.0,0.05263157894736842,0.05263157894736842
朝花夕拾,郑绩,0.027268362894137442,0.0,0.05263157894736842,0.05263157894736842
朝花夕拾,纪常郑,0.022386351134802057,0.0,0.05263157894736842,0.05263157894736842
朝花夕拾,二十四孝,0.02564102564102564,0.0,0.02631578947368421,0.02631578947368421
朝花夕拾,吴友如,0.02564102564102564,0.0,0.02631578947368421,0.02631578947368421
朝花夕拾,石印,0.02564102564102564,0.0,0.05263157894736842,0.05263157894736842
朝花夕拾,龙光斋,0.02564102564102564,0.0,0.05263157894736842,0.05263157894736842
朝花夕拾,过斋,0.02564102564102564,0.0,0.05263157894736842,0.05263157894736842
朝花夕拾,许广,0.02564102564102564,0.0,0.02631578947368421,0.02631578947368421
朝花夕拾,许广记,0.02564102564102564,0.0,0.02631578947368421,0.02631578947368421
朝花夕拾,戴高帽子,0.02564102564102564,0.0,0.02631578947368421,0.02631578947368421
朝花夕拾,高帽子,0.02564102564102564,0.0,0.02631578947368421,0.02631578947368421
朝花夕拾,阎罗,0.02564102564102564,0.0,0.02631578947368421,0.02631578947368421
朝花夕拾,阎罗王,0.02564102564102564,0.0,0.02631578947368421,0.02631578947368421
朝花夕拾,东岳,0.02564102564102564,0.0,0.02631578947368421,0.02631578947368421
朝花夕拾,东岳庙,0.02564102564102564,0.0,0.02631578947368421,0.02631578947368421
朝花夕拾,陈莲,0.02564102564102564,0.0,0.02631578947368421,0.02631578947368421
朝花夕拾,陈莲河,0.02564102564102564,0.0,0.02631578947368421,0.02631578947368421
朝花夕拾,桂树,0.02564102564102564,0.0,0.02631578947368421,0.02631578947368421
朝花夕拾,祖母,0.02564102564102564,0.0,0.02631578947368421,0.02631578947368421
朝花夕拾,子英,0.02564102564102564,0.0,0.02631578947368421,0.02631578947368421
朝花夕拾,德清,0.02564102564102564,0.0,0.02631578947368421,0.02631578947368421
朝花夕拾,关圣,0.02564102564102564,0.0,0.02631578947368421,0.02631578947368421
朝花夕拾,帝君,0.02564102564102564,0.0,0.02631578947368421,0.02631578947368421
而已集,曹操,0.043004732223881986,0.16820827224665683,0.1626016260162602,0.25633984816669364
而已集,董卓,0.005442117977707219,0.0,0.016260162601626018,0.17755650033564557
而已集,郑康,0.006794488986870734,0.0,0.016260162601626018,0.17755650033564557
而已集,郑康成,0.006794488986870734,0.0,0.016260162601626018,0.17755650033564557
而已集,华丽,0.0035836106850591857,0.0,0.008130081300813009,0.13873590348806716
而已集,曹丕,0.015826200013629138,0.009262961482073838,0.04878048780487805,0.18344700034678074
而已集,曹植,0.005106696187264578,0.0,0.016260162601626018,0.18003403289846853
而已集,陈琳,0.007743822085528989,0.025656404105024656,0.032520325203252036,0.18172449330127108
而已集,刘桢,0.006129583287853334,0.0,0.024390243902439025,0.13973760676234923
而已集,徐干,0.006965892824764508,0.0,0.024390243902439025,0.13973760676234923
而已集,子之,0.0027327629215602315,0.0,0.008130081300813009,0.17674574006014032
而已集,袁氏,0.004752633661319151,0.0,0.016260162601626018,0.17755650033564557
而已集,甄氏,0.004752633661319151,0.0,0.016260162601626018,0.17755650033564557
而已集,周公,0.014835320054251352,0.0009329601492736239,0.04065040650406505,0.04065040650406504
而已集,武王,0.004119682498591072,0.0,0.008130081300813009,0.022583559168925023
而已集,黄祖,0.0027327629215602315,0.0,0.008130081300813009,0.17674574006014032
而已集,何晏,0.0069229325963405305,0.010622417699586835,0.032520325203252036,0.1916203815503502
而已集,司马氏,0.005046861524221539,0.0,0.016260162601626018,0.18609287054409007
而已集,司马,0.04384180750497939,0.09102581189746331,0.13821138211382114,0.2725867399519066
而已集,王弼,0.004333804844598043,0.0003332000533120085,0.016260162601626018,0.14717611054437543
而已集,夏侯,0.011668296646217756,0.023199609045270787,0.04065040650406505,0.19067643878409227
而已集,夏侯玄,0.004515689948030859,0.0,0.008130081300813009,0.14283142831428317
而已集,司马懿,0.02324221616296688,0.06437647163356884,0.07317073170731708,0.25804878048780494
而已集,皇甫,0.008064516129032258,0.0,0.008130081300813009,0.008130081300813009
而已集,皇甫谧,0.008064516129032258,0.0,0.008130081300813009,0.008130081300813009
而已集,嵇康,0.04200202647964955,0.09040828113199165,0.13008130081300814,0.26511861009021054
而已集,阮籍,0.028129332345130136,0.029983562130703287,0.07317073170731708,0.20588998443175924
而已集,刘伶,0.002507920241872439,0.0,0.008130081300813009,0.18087531342603147
而已集,嵇阮,0.003766336099035776,0.006570705051312808,0.016260162601626018,0.18609287054409007
而已集,管叔,0.009728719320960645,0.0,0.024390243902439025,0.029036004645760744
而已集,蔡叔,0.009728719320960645,0.0,0.024390243902439025,0.029036004645760744
而已集,管蔡论,0.004361597318386051,0.0,0.016260162601626018,0.18172449330127108
而已集,管蔡,0.004361597318386051,0.0,0.016260162601626018,0.18172449330127108
而已集,吕安,0.002507920241872439,0.0,0.008130081300813009,0.18087531342603147
而已集,何曾,0.0024680932765181757,0.0,0.008130081300813009,0.15120045731707318
而已集,魏晋,0.002507920241872439,0.0,0.008130081300813009,0.18087531342603147
而已集,阮咸,0.0024680932765181757,0.0,0.008130081300813009,0.15120045731707318
而已集,陶潜,0.005536034774494629,0.009063041450086632,0.016260162601626018,0.18258168430740912
而已集,易代,0.0035624903625772605,0.0,0.008130081300813009,0.1382404181184669
而已集,灵帝,0.008064516129032258,0.0,0.008130081300813009,0.008130081300813009
而已集,黄巾,0.008064516129032258,0.0,0.008130081300813009,0.008130081300813009
而已集,袁绍,0.0045830844384676045,0.0,0.016260162601626018,0.17755650033564557
而已集,武帝,0.012526752475248974,0.0009440668177173575,0.04065040650406505,0.18432055749128923
而已集,魏武帝,0.004403030657185336,0.0,0.016260162601626018,0.13973760676234923
而已集,魏武,0.0068857131699512925,0.008218934648362878,0.024390243902439025,0.17920054200542007
而已集,魏书,0.01816596315208638,0.019736549824514636,0.05691056910569106,0.18609287054409007
而已集,武帝纪,0.007330585410138819,0.0,0.024390243902439025,0.18258168430740912
而已集,明帝,0.008064516129032258,0.0,0.008130081300813009,0.008130081300813009
而已集,魏明帝,0.008064516129032258,0.0,0.008130081300813009,0.008130081300813009
而已集,杨修,0.0027327629215602315,0.0,0.008130081300813009,0.17674574006014032
而已集,尉氏,0.008064516129032258,0.0,0.008130081300813009,0.008130081300813009
而已集,陈留尉,0.008064516129032258,0.0,0.008130081300813009,0.008130081300813009
而已集,后汉书,0.0027327629215602315,0.0,0.008130081300813009,0.17674574006014032
而已集,魏氏,0.003525839281072294,0.0,0.008130081300813009,0.1402439024390244
而已集,曹爽,0.007655941418002493,0.020469589941801057,0.032520325203252036,0.19549150036954918
而已集,齐王,0.0048830740579925945,0.0,0.016260162601626018,0.18520247403430973
而已集,曹芳,0.0048830740579925945,0.0,0.016260162601626018,0.18520247403430973
而已集,曹爽传,0.0041999074347682805,0.0,0.016260162601626018,0.15994759121144933
而已集,魏略,0.0027537853271664757,0.0,0.008130081300813009,0.1402439024390244
而已集,何平叔,0.008064516129032258,0.0,0.008130081300813009,0.008130081300813009
而已集,平叔,0.008064516129032258,0.0,0.008130081300813009,0.008130081300813009
而已集,刘孝,0.008954754922496854,0.0,0.016260162601626018,0.016260162601626018
而已集,刘孝标,0.008954754922496854,0.0,0.016260162601626018,0.016260162601626018
而已集,太初,0.0028626836836928493,0.0,0.008130081300813009,0.14283142831428317
而已集,司马师,0.0035548184178094103,0.0001332800213248034,0.016260162601626018,0.18520247403430973
而已集,梁刘孝,0.006284038542103056,6.66400106624017e-05,0.016260162601626018,0.016260162601626018
而已集,司马昭,0.011276577676318584,0.003198720511795282,0.04065040650406505,0.2103658536585366
而已集,大将军,0.00359084379659462,0.0007996801279488205,0.016260162601626018,0.18520247403430973
而已集,司马炎,0.004811794438302925,0.0,0.016260162601626018,0.18609287054409007
而已集,晋书,0.012360557605470076,0.009916033586565374,0.04878048780487805,0.2150406504065041
而已集,嵇康传,0.0037439743168590197,0.0,0.016260162601626018,0.18258168430740912
而已集,鲁迅,0.017462535901191203,0.09449553511928561,0.07317073170731708,0.22504254112308567
而已集,嵇康集,0.002507920241872439,0.0,0.008130081300813009,0.18087531342603147
而已集,周公旦,0.003149680805512327,0.0,0.008130081300813009,0.022583559168925023
而已集,武庚,0.006824974773917488,6.66400106624017e-05,0.024390243902439025,0.029036004645760744
而已集,曹郎,0.008064516129032258,0.0,0.008130081300813009,0.008130081300813009
而已集,汤武,0.008064516129032258,0.0,0.008130081300813009,0.008130081300813009
而已集,仲容,0.0024680932765181757,0.0,0.008130081300813009,0.15120045731707318
而已集,汪精卫,0.006451775225345855,0.0,0.008130081300813009,0.02032520325203252
而已集,蒋介石,0.01852484530346988,0.0011995201919232307,0.032520325203252036,0.03387533875338754
而已集,戴季陶,0.0047044092900155165,0.0,0.008130081300813009,0.02032520325203252
而已集,晓澜,0.007933155428511437,0.0,0.016260162601626018,0.01829268292682927
而已集,胡同,0.011830189298624755,0.0002665600426496068,0.024390243902439025,0.024390243902439025
而已集,辟才,0.007933155428511437,0.0,0.016260162601626018,0.01829268292682927
而已集,孔殷,0.008064516129032258,0.0,0.008130081300813009,0.008130081300813009
而已集,江霞,0.008064516129032258,0.0,0.008130081300813009,0.008130081300813009
而已集,乾隆,0.008064516129032258,0.0,0.008130081300813009,0.008130081300813009
而已集,雍正,0.008064516129032258,0.0,0.008130081300813009,0.008130081300813009
而已集,斯文,0.008064516129032258,0.0,0.008130081300813009,0.008130081300813009
而已集,白话文,0.008064516129032258,0.0,0.008130081300813009,0.008130081300813009
而已集,王国维,0.008064516129032258,0.0,0.008130081300813009,0.008130081300813009
而已集,罗振玉,0.008064516129032258,0.0,0.008130081300813009,0.008130081300813009
而已集,司马法,0.0023927088913355916,0.0,0.008130081300813009,0.18432055749128923
而已集,伏园,0.008064516129032258,0.0,0.008130081300813009,0.008130081300813009
而已集,孙伏园,0.008064516129032258,0.0,0.008130081300813009,0.008130081300813009
而已集,卢梭,0.015488250228856944,0.00039984006397441024,0.024390243902439025,0.024390243902439025
而已集,爱弥尔,0.004129851203623187,0.0,0.008130081300813009,0.014634146341463414
而已集,梁实秋,0.008510111880025711,0.0,0.008130081300813009,0.014634146341463414
而已集,西滢,0.021592513260119708,0.046781287485006,0.04878048780487805,0.1735754128841737
而已集,陈源,0.0026214950892492557,0.0,0.008130081300813009,0.1330148353029922
而已集,吉祥,0.004561564360481392,0.0,0.008130081300813009,0.014634146341463414
而已集,陈西滢,0.015570258513243564,0.019992003198720514,0.024390243902439025,0.17127131448305632
而已集,段祺瑞,0.008603673555907958,0.009063041450086632,0.016260162601626018,0.11122792262405384
而已集,章士钊,0.011879126799687155,0.03571904571504732,0.032520325203252036,0.1372599896211728
而已集,孙中山,0.0047044092900155165,0.0,0.008130081300813009,0.02032520325203252
而已集,华尔,0.008064516129032258,0.0,0.008130081300813009,0.008130081300813009
而已集,本华尔,0.008064516129032258,0.0,0.008130081300813009,0.008130081300813009
而已集,莫斯科,0.0032991259249376733,0.0,0.008130081300813009,0.09304643527204504
而已集,洪水,0.005027921054419313,0.0,0.008130081300813009,0.01693766937669377
而已集,郁达夫,0.008973736610927457,0.0005331200852992136,0.016260162601626018,0.02540650406504065
而已集,徐丹甫,0.0026214950892492557,0.0,0.008130081300813009,0.1330148353029922
而已集,华盖,0.002500386657890005,0.0,0.008130081300813009,0.16128048780487805
而已集,权威,0.0026214950892492557,0.0,0.008130081300813009,0.1330148353029922
而已集,宣言,0.006377776441540261,0.009063041450086632,0.016260162601626018,0.11122792262405384
而已集,杨荫榆,0.003920213355278064,0.0,0.008130081300813009,0.09304643527204504
而已集,李大钊,0.008064516129032258,0.0,0.008130081300813009,0.008130081300813009
而已集,邵振青,0.008064516129032258,0.0,0.008130081300813009,0.008130081300813009
而已集,富豪,0.008064516129032258,0.0,0.008130081300813009,0.008130081300813009
而已集,老婆子,0.008064516129032258,0.0,0.008130081300813009,0.008130081300813009
而已集,玉堂春,0.004129851203623187,0.0,0.008130081300813009,0.014634146341463414
而已集,郭沫若,0.002500386657890005,0.0,0.008130081300813009,0.16128048780487805
而已集,玄灵,0.008576071256620129,0.0,0.016260162601626018,0.016260162601626018
而已集,祖宗,0.008576071256620129,0.0,0.016260162601626018,0.016260162601626018
而已集,古之,0.007041405873856526,0.0,0.016260162601626018,0.016260162601626018
华盖集,杨荫榆,0.01797840251140128,0.021322378716744913,0.08333333333333333,0.21630658436213995
华盖集,章士钊,0.06804923692485258,0.0948095983307251,0.2361111111111111,0.27164082687338503
华盖集,段祺瑞,0.012101492506234502,0.0,0.027777777777777776,0.16686507936507938
华盖集,阎罗,0.0136986301369863,0.0,0.013888888888888888,0.013888888888888888
华盖集,阎罗王,0.0136986301369863,0.0,0.013888888888888888,0.013888888888888888
华盖集,西滢,0.06205113292960519,0.05796817944705268,0.19444444444444442,0.2654671717171717
华盖集,陈西滢,0.04268288000126366,0.0021517996870109544,0.09722222222222221,0.21237373737373735
华盖集,朱深,0.005626256115329664,0.010954616588419406,0.027777777777777776,0.16686507936507938
华盖集,莘莘,0.0136986301369863,0.0,0.013888888888888888,0.013888888888888888
华盖集,莘莘学子,0.0136986301369863,0.0,0.013888888888888888,0.013888888888888888
华盖集,朱熹,0.0136986301369863,0.0,0.013888888888888888,0.013888888888888888
华盖集,程颢,0.0136986301369863,0.0,0.013888888888888888,0.013888888888888888
华盖集,于章,0.0074887607322772914,0.004303599374021909,0.027777777777777776,0.16928341384863124
华盖集,曹子,0.008091836557825556,0.0,0.027777777777777776,0.14420438957475995
华盖集,曹子勃,0.008091836557825556,0.0,0.027777777777777776,0.14420438957475995
华盖集,孙中山,0.0136986301369863,0.0,0.013888888888888888,0.013888888888888888
华盖集,袁世凯,0.0136986301369863,0.0,0.013888888888888888,0.013888888888888888
华盖集,胡同,0.00858282593365909,0.0,0.027777777777777776,0.16686507936507938
华盖集,宣言,0.003499820899437397,0.0,0.013888888888888888,0.16222993827160495
华盖集,胡适,0.013951206518287127,0.019757433489827857,0.06944444444444445,0.20492202729044837
华盖集,徐志摩,0.010628189950739214,0.017605633802816902,0.05555555555555555,0.17433665008291874
华盖集,王世杰,0.012250614973720604,0.0,0.05555555555555555,0.16928341384863124
华盖集,陈源,0.012855568126716644,0.02112676056338028,0.05555555555555555,0.17433665008291874
华盖集,无锡人,0.003499820899437397,0.0,0.013888888888888888,0.16222993827160495
华盖集,秦始皇,0.0136986301369863,0.0,0.013888888888888888,0.013888888888888888
华盖集,项羽,0.0136986301369863,0.0,0.013888888888888888,0.013888888888888888
华盖集,吴骞,0.0136986301369863,0.0,0.013888888888888888,0.013888888888888888
华盖集,黄丕烈,0.0136986301369863,0.0,0.013888888888888888,0.013888888888888888
华盖集,李仲揆,0.010250576041337152,0.0,0.041666666666666664,0.17177287581699346
华盖集,仲揆,0.010250576041337152,0.0,0.041666666666666664,0.17177287581699346
华盖集,刘百,0.015271439629070876,0.0,0.027777777777777776,0.16686507936507938
华盖集,刘百昭,0.015271439629070876,0.0,0.027777777777777776,0.16686507936507938
华盖集,胡敦复,0.0037560254388336696,0.0,0.013888888888888888,0.16451486697965573
华盖集,吉祥,0.006691041495421691,0.005477308294209703,0.027777777777777776,0.16686507936507938
华盖集,燕树棠,0.008754859951559314,0.031233698487219613,0.05555555555555555,0.2013888888888889
华盖集,李顺卿,0.007374332292330026,0.0,0.027777777777777776,0.12426122931442081
华盖集,王桐龄,0.007374332292330026,0.0,0.027777777777777776,0.12426122931442081
华盖集,李四,0.0136986301369863,0.0,0.013888888888888888,0.013888888888888888
华盖集,李四光,0.0136986301369863,0.0,0.013888888888888888,0.013888888888888888
华盖集,晋公子,0.0136986301369863,0.0,0.013888888888888888,0.013888888888888888
华盖集,齐姜醉,0.0136986301369863,0.0,0.013888888888888888,0.013888888888888888
华盖集,孤桐,0.008246003019501295,0.0035211267605633804,0.041666666666666664,0.19797551789077214
华盖集,鲁迅,0.004606640897976531,0.0,0.013888888888888888,0.16451486697965573
华盖集,孙女儿,0.0136986301369863,0.0,0.013888888888888888,0.013888888888888888
华盖集,祖母,0.0136986301369863,0.0,0.013888888888888888,0.013888888888888888
华盖集,张仪,0.0136986301369863,0.0,0.013888888888888888,0.013888888888888888
华盖集,苏秦,0.0136986301369863,0.0,0.013888888888888888,0.013888888888888888
华盖集,从军,0.0136986301369863,0.0,0.013888888888888888,0.013888888888888888
华盖集,木兰,0.0136986301369863,0.0,0.013888888888888888,0.013888888888888888
华盖集,白云苍狗,0.0136986301369863,0.0,0.013888888888888888,0.013888888888888888
华盖集,苍狗,0.0136986301369863,0.0,0.013888888888888888,0.013888888888888888
华盖集,师生,0.0037560254388336696,0.0,0.013888888888888888,0.16451486697965573
华盖集,孟子,0.0136986301369863,0.0,0.013888888888888888,0.013888888888888888
华盖集,滕文公,0.0136986301369863,0.0,0.013888888888888888,0.013888888888888888
华盖集,曹操,0.020007991926608147,0.0003912363067292645,0.027777777777777776,0.027777777777777776
华盖集,阿丕,0.010543949242175374,0.0,0.013888888888888888,0.018518518518518517
华盖集,阿植,0.010543949242175374,0.0,0.013888888888888888,0.018518518518518517
华盖集,刘向,0.0136986301369863,0.0,0.013888888888888888,0.013888888888888888
华盖集,刘歆,0.0136986301369863,0.0,0.013888888888888888,0.013888888888888888
华盖集,张胡,0.01521081658067959,0.0,0.027777777777777776,0.027777777777777776
华盖集,胡子,0.010674257249599712,0.00019561815336463224,0.027777777777777776,0.027777777777777776
华盖集,李胡,0.01521081658067959,0.0,0.027777777777777776,0.027777777777777776
华盖集,白话文,0.004606640897976531,0.0,0.013888888888888888,0.16451486697965573
华盖集,曹锟,0.01989215972482266,0.0011737089201877935,0.041666666666666664,0.044444444444444446
华盖集,葛天氏,0.01989215972482266,0.0011737089201877935,0.041666666666666664,0.044444444444444446
华盖集,颜回,0.013327018357369115,0.0,0.027777777777777776,0.037037037037037035
华盖集,徐世昌,0.00769090643895853,0.0,0.013888888888888888,0.027777777777777776
华盖集,无怀氏,0.00769090643895853,0.0,0.013888888888888888,0.027777777777777776
华盖集,周公,0.0136986301369863,0.0,0.013888888888888888,0.013888888888888888
华盖集,汤文武,0.0136986301369863,0.0,0.013888888888888888,0.013888888888888888
华盖集,振青,0.0136986301369863,0.0,0.013888888888888888,0.013888888888888888
华盖集,邵飘萍,0.0136986301369863,0.0,0.013888888888888888,0.013888888888888888
华盖集,章炳麟,0.007319088905397413,0.003129890453834116,0.027777777777777776,0.16686507936507938
彷徨,和子君,0.020821633333531125,0.0,0.027777777777777776,0.037037037037037035
彷徨,子君,0.03943781441401882,0.0015873015873015873,0.05555555555555555,0.05555555555555555
彷徨,吉兆,0.02702702702702703,0.0,0.027777777777777776,0.027777777777777776
彷徨,胡同,0.02702702702702703,0.0,0.027777777777777776,0.027777777777777776
彷徨,但子君,0.020821633333531125,0.0,0.027777777777777776,0.037037037037037035
彷徨,林嫂,0.048563119640175484,0.0031746031746031746,0.08333333333333333,0.08333333333333333
彷徨,祥林嫂,0.0442307574051563,0.0,0.05555555555555555,0.0625
彷徨,老婆子,0.006482261823333902,0.0,0.027777777777777776,0.049999999999999996
彷徨,柳妈,0.008831969239442412,0.0031746031746031746,0.05555555555555555,0.0625
彷徨,益堂,0.02702702702702703,0.0,0.027777777777777776,0.027777777777777776
彷徨,秦益堂,0.02702702702702703,0.0,0.027777777777777776,0.027777777777777776
彷徨,胡子,0.02702702702702703,0.0,0.027777777777777776,0.027777777777777776
彷徨,花白,0.02702702702702703,0.0,0.027777777777777776,0.027777777777777776
彷徨,张沛君,0.02702702702702703,0.0,0.027777777777777776,0.027777777777777776
彷徨,沛君,0.02702702702702703,0.0,0.027777777777777776,0.027777777777777776
彷徨,子里,0.02565551715349075,0.007936507936507936,0.08333333333333333,0.08680555555555555
彷徨,白帝城,0.011323117248332659,0.0,0.027777777777777776,0.05787037037037038
彷徨,晋之,0.02702702702702703,0.0,0.027777777777777776,0.027777777777777776
彷徨,老夫子,0.02702702702702703,0.0,0.027777777777777776,0.027777777777777776
彷徨,拓跋,0.02702702702702703,0.0,0.027777777777777776,0.027777777777777776
彷徨,王圭,0.02702702702702703,0.0,0.027777777777777776,0.027777777777777776
彷徨,老娃,0.02702702702702703,0.0,0.027777777777777776,0.027777777777777776
彷徨,郭老娃,0.02702702702702703,0.0,0.027777777777777776,0.027777777777777776
彷徨,祖母,0.04540698048826154,0.0,0.08333333333333333,0.09920634920634921
彷徨,连殳,0.03381232372266818,0.006349206349206349,0.08333333333333333,0.08680555555555555
彷徨,大良,0.03552339723566332,0.006349206349206349,0.08333333333333333,0.09920634920634921
彷徨,和连殳,0.010440826313745759,0.0,0.027777777777777776,0.05787037037037038
彷徨,汲古阁,0.02702702702702703,0.0,0.05555555555555555,0.05555555555555555
彷徨,索隐,0.02702702702702703,0.0,0.05555555555555555,0.05555555555555555
彷徨,古阁,0.02702702702702703,0.0,0.05555555555555555,0.05555555555555555
彷徨,胡涂,0.02702702702702703,0.0,0.027777777777777776,0.027777777777777776
彷徨,胡里胡涂,0.02702702702702703,0.0,0.027777777777777776,0.027777777777777776
彷徨,庄木三,0.03474923945736735,0.0,0.08333333333333333,0.08888888888888889
彷徨,爱姑,0.022130608419776543,0.009523809523809525,0.1111111111111111,0.1111111111111111
彷徨,木三,0.03474923945736735,0.0,0.08333333333333333,0.08888888888888889
彷徨,庄木,0.03474923945736735,0.0,0.08333333333333333,0.08888888888888889
彷徨,明白,0.008756808343256572,0.0,0.027777777777777776,0.06349206349206349
热风,司马,0.01639344262295082,0.0,0.016666666666666666,0.016666666666666666
热风,司马迁,0.01639344262295082,0.0,0.016666666666666666,0.016666666666666666
热风,乔治,0.01639344262295082,0.0,0.016666666666666666,0.016666666666666666
热风,葛来,0.01639344262295082,0.0,0.016666666666666666,0.016666666666666666
热风,胡先,0.01639344262295082,0.0,0.016666666666666666,0.016666666666666666
热风,胡先生,0.01639344262295082,0.0,0.016666666666666666,0.016666666666666666
热风,胥黎,0.01639344262295082,0.0,0.016666666666666666,0.016666666666666666
热风,赫胥黎,0.01639344262295082,0.0,0.016666666666666666,0.016666666666666666
热风,任北,0.01639344262295082,0.0,0.016666666666666666,0.016666666666666666
热风,任北洋,0.01639344262295082,0.0,0.016666666666666666,0.016666666666666666
热风,孙中山,0.008713050212985674,0.0005649717514124294,0.03333333333333333,0.03333333333333333
热风,袁世凯,0.0202336388279334,0.0,0.03333333333333333,0.03333333333333333
热风,袁世,0.0202336388279334,0.0,0.03333333333333333,0.03333333333333333
热风,子孙,0.01639344262295082,0.0,0.016666666666666666,0.016666666666666666
热风,祖先,0.01639344262295082,0.0,0.016666666666666666,0.016666666666666666
热风,任鸿隽,0.01639344262295082,0.0,0.016666666666666666,0.016666666666666666
热风,胡适,0.01639344262295082,0.0,0.016666666666666666,0.016666666666666666
热风,东雍,0.01639344262295082,0.0,0.016666666666666666,0.016666666666666666
热风,樊宗,0.01639344262295082,0.0,0.016666666666666666,0.016666666666666666
热风,周公,0.02392333717355644,0.0005649717514124294,0.03333333333333333,0.03333333333333333
热风,汤文武,0.012628495347648011,0.0,0.016666666666666666,0.02222222222222222
热风,成王,0.012628495347648011,0.0,0.016666666666666666,0.02222222222222222
热风,屠介纳夫,0.023923337173556453,0.0005649717514124294,0.03333333333333333,0.03333333333333333
热风,郭歌,0.014662391138489094,0.0,0.016666666666666666,0.02222222222222222
热风,古雅,0.010594599556806937,0.0,0.016666666666666666,0.02222222222222222
热风,王国维,0.01639344262295082,0.0,0.016666666666666666,0.016666666666666666
热风,罗振玉,0.01639344262295082,0.0,0.016666666666666666,0.016666666666666666
热风,盛德,0.01639344262295082,0.0,0.016666666666666666,0.016666666666666666
热风,陆费逵,0.01639344262295082,0.0,0.016666666666666666,0.016666666666666666
热风,童子,0.01639344262295082,0.0,0.016666666666666666,0.016666666666666666
热风,童子军,0.01639344262295082,0.0,0.016666666666666666,0.016666666666666666
热风,易卜生,0.01639344262295082,0.0,0.016666666666666666,0.016666666666666666
热风,达尔文,0.01639344262295082,0.0,0.016666666666666666,0.016666666666666666
热风,关羽,0.01639344262295082,0.0,0.016666666666666666,0.016666666666666666
热风,孔丘,0.01639344262295082,0.0,0.016666666666666666,0.016666666666666666
热风,朱古律,0.01639344262295082,0.0,0.016666666666666666,0.016666666666666666
热风,黄枚,0.01639344262295082,0.0,0.016666666666666666,0.016666666666666666
热风,张天,0.01639344262295082,0.0,0.016666666666666666,0.016666666666666666
热风,张天师,0.01639344262295082,0.0,0.016666666666666666,0.016666666666666666
热风,吴宓,0.01639344262295082,0.0,0.016666666666666666,0.016666666666666666
热风,吴宓君,0.01639344262295082,0.0,0.016666666666666666,0.016666666666666666
热风,汪静之,0.012628495347648011,0.0,0.016666666666666666,0.02222222222222222
热风,胡梦,0.02392333717355644,0.0005649717514124294,0.03333333333333333,0.03333333333333333
热风,章鸿熙,0.012628495347648011,0.0,0.016666666666666666,0.02222222222222222
热风,胡君,0.034270671008784004,0.006779661016949153,0.06666666666666667,0.06666666666666667
热风,金瓶梅,0.009743436129663073,0.0,0.016666666666666666,0.04285714285714286
热风,和尚,0.021105897888934515,0.002824858757062147,0.03333333333333333,0.046153846153846156
热风,普天下,0.020510297260168477,0.004519774011299435,0.03333333333333333,0.06
热风,汪君,0.009743436129663073,0.0,0.016666666666666666,0.04285714285714286
热风,雪利,0.009743436129663073,0.0,0.016666666666666666,0.04285714285714286
热风,胡涂,0.01639344262295082,0.0,0.016666666666666666,0.016666666666666666
热风,胡里胡涂,0.01639344262295082,0.0,0.016666666666666666,0.016666666666666666
热风,秦始皇帝,0.01639344262295082,0.0,0.016666666666666666,0.016666666666666666
热风,项羽,0.01639344262295082,0.0,0.016666666666666666,0.016666666666666666
热风,高僧,0.009636923813779558,0.0,0.016666666666666666,0.03333333333333333
热风,张皇,0.01639344262295082,0.0,0.016666666666666666,0.016666666666666666
热风,诸公,0.01639344262295082,0.0,0.016666666666666666,0.016666666666666666
热风,白鹿洞,0.01639344262295082,0.0,0.016666666666666666,0.016666666666666666
热风,谈虎,0.01639344262295082,0.0,0.016666666666666666,0.016666666666666666
热风,乌托,0.01639344262295082,0.0,0.016666666666666666,0.016666666666666666
热风,乌托邦,0.01639344262295082,0.0,0.016666666666666666,0.016666666666666666
坟,胡涂,0.015657960172511514,0.000999000999000999,0.02564102564102564,0.034188034188034185
坟,胡里胡涂,0.0072234769975307485,0.0,0.01282051282051282,0.02279202279202279
坟,宋太祖,0.012658227848101266,0.0,0.01282051282051282,0.01282051282051282
坟,胡子,0.012658227848101266,0.0,0.01282051282051282,0.01282051282051282
坟,古文,0.012658227848101266,0.0,0.01282051282051282,0.01282051282051282
坟,白话文,0.012658227848101266,0.0,0.01282051282051282,0.01282051282051282
坟,钱玄同,0.01847697135036845,0.000333000333000333,0.02564102564102564,0.02564102564102564
坟,陈独秀,0.009748856096967668,0.0,0.01282051282051282,0.017094017094017092
坟,刘半农,0.009748856096967668,0.0,0.01282051282051282,0.017094017094017092
坟,道德,0.02429571485263564,0.000999000999000999,0.038461538461538464,0.038461538461538464
坟,道德家,0.013365953070617326,0.0,0.01282051282051282,0.023076923076923078
坟,完泽笃,0.012658227848101266,0.0,0.01282051282051282,0.01282051282051282
坟,薛禅,0.012658227848101266,0.0,0.01282051282051282,0.01282051282051282
坟,世凯,0.02912773005033887,0.0018315018315018315,0.0641025641025641,0.0641025641025641
坟,袁世凯,0.026584352473954177,0.0004995004995004995,0.05128205128205128,0.053418803418803416
坟,封建道德,0.0064856217345760445,0.0,0.01282051282051282,0.023076923076923078
坟,章太,0.012658227848101266,0.0,0.01282051282051282,0.01282051282051282
坟,章太炎,0.012658227848101266,0.0,0.01282051282051282,0.01282051282051282
坟,爱罗,0.012658227848101266,0.0,0.01282051282051282,0.01282051282051282
坟,爱罗先,0.012658227848101266,0.0,0.01282051282051282,0.01282051282051282
坟,袁军,0.005054454384967358,0.000333000333000333,0.02564102564102564,0.04006410256410256
坟,孙中山,0.006632314488843442,0.0,0.02564102564102564,0.04006410256410256
坟,师范,0.006542119238139814,0.0001665001665001665,0.02564102564102564,0.041880341880341884
坟,鲁迅,0.010042612947065375,0.0008325008325008325,0.038461538461538464,0.05235042735042735
坟,庄周,0.012658227848101266,0.0,0.01282051282051282,0.01282051282051282
坟,庄子,0.012658227848101266,0.0,0.01282051282051282,0.01282051282051282
坟,孟子,0.01847697135036845,0.000333000333000333,0.02564102564102564,0.02564102564102564
坟,梁惠王,0.009748856096967668,0.0,0.01282051282051282,0.017094017094017092
坟,王攘,0.012658227848101266,0.0,0.01282051282051282,0.01282051282051282
坟,王攘夷,0.012658227848101266,0.0,0.01282051282051282,0.01282051282051282
坟,帝君,0.012658227848101266,0.0,0.01282051282051282,0.01282051282051282
坟,文昌,0.012658227848101266,0.0,0.01282051282051282,0.01282051282051282
坟,段祺瑞,0.00951904108627202,0.0,0.01282051282051282,0.02564102564102564
坟,章士钊,0.023911722200938977,0.001665001665001665,0.038461538461538464,0.041025641025641026
坟,道德行为,0.0064856217345760445,0.0,0.01282051282051282,0.023076923076923078
坟,杨荫,0.015560927833195307,0.0008325008325008325,0.05128205128205128,0.05710955710955711
坟,杨荫榆,0.01168584328562638,0.000999000999000999,0.038461538461538464,0.05235042735042735
坟,郭沫,0.012658227848101266,0.0,0.01282051282051282,0.01282051282051282
坟,郭沫若,0.012658227848101266,0.0,0.01282051282051282,0.01282051282051282
坟,今贤,0.012658227848101266,0.0,0.01282051282051282,0.01282051282051282
坟,古哲,0.012658227848101266,0.0,0.01282051282051282,0.01282051282051282
坟,卫灵公,0.012658227848101266,0.0,0.01282051282051282,0.01282051282051282
坟,灵公,0.012658227848101266,0.0,0.01282051282051282,0.01282051282051282
坟,雷峰,0.01655659512016143,0.0,0.02564102564102564,0.02564102564102564
坟,雷峰塔,0.01655659512016143,0.0,0.02564102564102564,0.02564102564102564
坟,和尚,0.012658227848101266,0.0,0.01282051282051282,0.01282051282051282
坟,许仙,0.012658227848101266,0.0,0.01282051282051282,0.01282051282051282
坟,水满金山,0.011318880480918168,0.0,0.01282051282051282,0.017094017094017092
坟,金山,0.018476971350368455,0.000333000333000333,0.02564102564102564,0.02564102564102564
坟,金山寺,0.008178831713017174,0.0,0.01282051282051282,0.017094017094017092
坟,吴越,0.012658227848101266,0.0,0.01282051282051282,0.01282051282051282
坟,吴越王,0.012658227848101266,0.0,0.01282051282051282,0.01282051282051282
坟,子才,0.012658227848101266,0.0,0.01282051282051282,0.01282051282051282
坟,邢子才,0.012658227848101266,0.0,0.01282051282051282,0.01282051282051282
坟,西滢,0.024309514690048214,0.00333000333000333,0.0641025641025641,0.0698005698005698
坟,陈西滢,0.018537223487951008,0.0011655011655011655,0.05128205128205128,0.05710955710955711
坟,陈源,0.00890445412960876,0.001998001998001998,0.02564102564102564,0.048323471400394474
坟,晋武帝,0.012658227848101266,0.0,0.01282051282051282,0.01282051282051282
坟,武帝,0.012658227848101266,0.0,0.01282051282051282,0.01282051282051282
坟,蔡松坡,0.005054454384967358,0.000333000333000333,0.02564102564102564,0.04006410256410256
坟,滕文公,0.009748856096967668,0.0,0.01282051282051282,0.017094017094017092
坟,化吉,0.004861493303980919,0.000333000333000333,0.02564102564102564,0.02564102564102564
坟,王莽,0.012658227848101266,0.0,0.02564102564102564,0.02564102564102564
坟,翟义,0.012658227848101266,0.0,0.02564102564102564,0.02564102564102564
坟,翟义党,0.012658227848101266,0.0,0.02564102564102564,0.02564102564102564
坟,孙子,0.012658227848101266,0.0,0.01282051282051282,0.01282051282051282
坟,曾孙,0.012658227848101266,0.0,0.01282051282051282,0.01282051282051282
坟,戈尔,0.012658227848101266,0.0,0.01282051282051282,0.01282051282051282
坟,泰戈尔,0.012658227848101266,0.0,0.01282051282051282,0.01282051282051282
坟,林琴南,0.012658227848101266,0.0,0.01282051282051282,0.01282051282051282
坟,蔡元培,0.012658227848101266,0.0,0.01282051282051282,0.01282051282051282
坟,胡适,0.0056831271731752255,0.0,0.01282051282051282,0.033063427800269905
坟,费厄,0.015951950400413337,0.0,0.02564102564102564,0.02564102564102564
坟,费厄泼赖,0.015951950400413337,0.0,0.02564102564102564,0.02564102564102564
坟,林语堂,0.0060707827434771395,0.000333000333000333,0.02564102564102564,0.02564102564102564
坟,朱瑞,0.0034960613055363644,0.0,0.01282051282051282,0.03561253561253561
坟,关羽,0.012658227848101266,0.0,0.01282051282051282,0.01282051282051282
坟,岳飞,0.012658227848101266,0.0,0.01282051282051282,0.01282051282051282
坟,孤桐,0.006978938783253076,0.0,0.01282051282051282,0.02564102564102564
故事新编,卢弓,0.011111111111111112,0.0,0.011235955056179775,0.011235955056179775
故事新编,卢矢,0.011111111111111112,0.0,0.011235955056179775,0.011235955056179775
故事新编,女庚,0.011111111111111112,0.0,0.011235955056179775,0.011235955056179775
故事新编,王升,0.011111111111111112,0.0,0.011235955056179775,0.011235955056179775
故事新编,乌合,0.008557916846938341,0.0,0.011235955056179775,0.014981273408239699
故事新编,鲁迅,0.01621749963945665,0.0002553626149131767,0.02247191011235955,0.02247191011235955
故事新编,韦素园,0.008557916846938341,0.0,0.011235955056179775,0.014981273408239699
故事新编,墨翟,0.019836817870412637,0.01634320735444331,0.056179775280898875,0.07919978076185255
故事新编,楚王,0.012164839367777175,0.020684371807967315,0.033707865168539325,0.08776191922259338
故事新编,子夏,0.009253934198802289,0.0040858018386108275,0.02247191011235955,0.05696826335501675
故事新编,孔丘,0.014969738172326018,0.007660878447395302,0.0449438202247191,0.07551607002874314
故事新编,子之,0.014157490767446594,0.0,0.02247191011235955,0.07215980024968789
故事新编,子墨,0.021549827521807806,0.004341164453524005,0.0449438202247191,0.07215980024968789
故事新编,夏之徒,0.005599588625491934,0.0,0.011235955056179775,0.04448206864706787
故事新编,于子,0.004484721487073025,0.0,0.011235955056179775,0.053232639528458275
故事新编,孟子,0.01621749963945665,0.0002553626149131767,0.02247191011235955,0.02247191011235955
故事新编,孟轲,0.008557916846938341,0.0,0.011235955056179775,0.014981273408239699
故事新编,滕文公,0.008557916846938341,0.0,0.011235955056179775,0.014981273408239699
故事新编,孙诒让,0.0050389249808233715,0.0,0.011235955056179775,0.05696826335501675
故事新编,惠王,0.0050389249808233715,0.0,0.011235955056179775,0.05696826335501675
故事新编,穆贺,0.007856979801229728,0.0,0.02247191011235955,0.06126775492898028
故事新编,花白,0.011056444700017373,0.0,0.02247191011235955,0.025280898876404494
故事新编,马鞭,0.007830280437865975,0.0002553626149131767,0.02247191011235955,0.025280898876404494
故事新编,胡子,0.01782914379619144,0.0005107252298263534,0.033707865168539325,0.033707865168539325
故事新编,庄子,0.019631125130349366,0.01940755873340143,0.056179775280898875,0.08776191922259338
故事新编,胡涂,0.004447742375663288,0.0,0.011235955056179775,0.06126775492898028
故事新编,周吴郑,0.011111111111111112,0.0,0.011235955056179775,0.011235955056179775
故事新编,赵钱孙,0.011111111111111112,0.0,0.011235955056179775,0.011235955056179775
故事新编,冯秦,0.009701492537313438,0.0,0.02247191011235955,0.02247191011235955
故事新编,姜沈韩,0.011815920398009955,0.0,0.02247191011235955,0.02247191011235955
故事新编,褚卫,0.011815920398009955,0.0,0.02247191011235955,0.02247191011235955
故事新编,太上老君,0.011111111111111112,0.0,0.011235955056179775,0.011235955056179775
故事新编,如律令,0.011111111111111112,0.0,0.011235955056179775,0.011235955056179775
故事新编,郭璞,0.011111111111111112,0.0,0.011235955056179775,0.011235955056179775
故事新编,郭璞注,0.011111111111111112,0.0,0.011235955056179775,0.011235955056179775
故事新编,安期生,0.011111111111111112,0.0,0.011235955056179775,0.011235955056179775
故事新编,蓬莱,0.011111111111111112,0.0,0.011235955056179775,0.011235955056179775
故事新编,白胡子,0.007728575510369661,0.0,0.011235955056179775,0.020224719101123594
故事新编,青剑,0.011111111111111112,0.0,0.011235955056179775,0.011235955056179775
故事新编,青剑兮,0.011111111111111112,0.0,0.011235955056179775,0.011235955056179775
故事新编,金鼎,0.011111111111111112,0.0,0.011235955056179775,0.011235955056179775
故事新编,金龙,0.011111111111111112,0.0,0.011235955056179775,0.011235955056179775
故事新编,侏儒,0.008557916846938341,0.0,0.011235955056179775,0.014981273408239699
故事新编,王后,0.01621749963945665,0.0002553626149131767,0.02247191011235955,0.02247191011235955
故事新编,王妃,0.008557916846938341,0.0,0.011235955056179775,0.014981273408239699
故事新编,莫邪,0.010223153559484686,0.0040858018386108275,0.02247191011235955,0.06367041198501872
故事新编,干将莫邪,0.00601150534462385,0.0,0.011235955056179775,0.04846553748113366
故事新编,关尹喜,0.01642065612541048,0.0,0.0449438202247191,0.04681647940074907
故事新编,尹喜,0.018734284918236088,0.0010214504596527069,0.056179775280898875,0.056179775280898875
故事新编,关尹,0.01642065612541048,0.0,0.0449438202247191,0.04681647940074907
故事新编,木札,0.006029738179164315,0.0006384065372829418,0.0449438202247191,0.04681647940074907
故事新编,木札来,0.006029738179164315,0.0006384065372829418,0.0449438202247191,0.04681647940074907
故事新编,关令尹,0.0030315931392810103,0.0,0.011235955056179775,0.031210986267166042
故事新编,老聃,0.020195584043030432,0.0040858018386108275,0.0449438202247191,0.07379979570990806
故事新编,道德,0.011111111111111112,0.0,0.011235955056179775,0.011235955056179775
故事新编,道德经,0.011111111111111112,0.0,0.011235955056179775,0.011235955056179775
故事新编,孔子,0.013910993497687981,0.0033197139938712975,0.0449438202247191,0.07919978076185255
故事新编,司马,0.01621749963945665,0.0002553626149131767,0.02247191011235955,0.02247191011235955
故事新编,司马彪,0.008557916846938341,0.0,0.011235955056179775,0.014981273408239699
故事新编,桑楚,0.005628108275146452,0.0,0.011235955056179775,0.054119850187265915
故事新编,索隐,0.008557916846938341,0.0,0.011235955056179775,0.014981273408239699
故事新编,怀山襄陵,0.011815920398009957,0.0,0.02247191011235955,0.02247191011235955
故事新编,洪水,0.011815920398009957,0.0,0.02247191011235955,0.02247191011235955
故事新编,汤汤,0.009701492537313438,0.0,0.02247191011235955,0.02247191011235955
故事新编,于羽渊,0.011111111111111112,0.0,0.011235955056179775,0.011235955056179775
故事新编,黄熊,0.011111111111111112,0.0,0.011235955056179775,0.011235955056179775
故事新编,伯夷,0.036643053752838814,0.003830439223697651,0.06741573033707865,0.06741573033707865
故事新编,养老,0.00858549422776421,0.0,0.011235955056179775,0.03677221654749744
故事新编,云罕,0.011111111111111112,0.0,0.011235955056179775,0.011235955056179775
故事新编,云罕旗,0.011111111111111112,0.0,0.011235955056179775,0.011235955056179775
故事新编,太公,0.021323888167802188,0.0007660878447395302,0.033707865168539325,0.033707865168539325
故事新编,姜太公,0.009720247234063223,0.0,0.011235955056179775,0.020224719101123594
故事新编,和叔齐,0.013198045935162573,0.0,0.011235955056179775,0.03677221654749744
故事新编,张开,0.003972942520365848,0.0,0.011235955056179775,0.03677221654749744
故事新编,于华山,0.011111111111111112,0.0,0.02247191011235955,0.02247191011235955
故事新编,归马,0.011111111111111112,0.0,0.02247191011235955,0.02247191011235955
故事新编,山之阳,0.011111111111111112,0.0,0.02247191011235955,0.02247191011235955
故事新编,伯夷叔,0.005126080447215438,0.0,0.011235955056179775,0.03677221654749744
故事新编,采薇,0.003972942520365848,0.0,0.011235955056179775,0.03677221654749744
故事新编,伯夷列,0.006279218374065029,0.0,0.011235955056179775,0.03677221654749744
故事新编,于首阳,0.006538788141001226,0.0,0.011235955056179775,0.031210986267166042
故事新编,武王,0.03153666522449327,0.002553626149131767,0.056179775280898875,0.056179775280898875
故事新编,王克商,0.008974848878168504,0.0,0.011235955056179775,0.031210986267166042
故事新编,太公望,0.007706852092214084,0.0,0.011235955056179775,0.020224719101123594
故事新编,诸侯,0.006538788141001226,0.0,0.011235955056179775,0.031210986267166042
故事新编,黄钺,0.006538788141001226,0.0,0.011235955056179775,0.031210986267166042
故事新编,姜尚,0.005693456950364945,0.0,0.011235955056179775,0.020224719101123594
故事新编,白之旗,0.006538788141001226,0.0,0.011235955056179775,0.031210986267166042
故事新编,玉集,0.011111111111111112,0.0,0.011235955056179775,0.011235955056179775
故事新编,王周,0.011111111111111112,0.0,0.011235955056179775,0.011235955056179775
呐喊,仲密,0.023255813953488372,0.0,0.023809523809523808,0.023809523809523808
呐喊,子里,0.023255813953488372,0.0,0.023809523809523808,0.023809523809523808
呐喊,爱罗先,0.023255813953488372,0.0,0.047619047619047616,0.047619047619047616
呐喊,鲁迅,0.023255813953488372,0.0,0.047619047619047616,0.047619047619047616
呐喊,童话集,0.023255813953488372,0.0,0.047619047619047616,0.047619047619047616
呐喊,单四,0.059059835589638364,0.008517228029423151,0.16666666666666666,0.1693121693121693
呐喊,单四嫂,0.059059835589638364,0.008517228029423151,0.16666666666666666,0.1693121693121693
呐喊,金心异,0.013154278661647758,0.0,0.023809523809523808,0.04285714285714285
呐喊,钱玄同,0.03411496440002758,0.0023228803716608595,0.07142857142857142,0.07142857142857142
呐喊,士成,0.023255813953488372,0.0,0.023809523809523808,0.023809523809523808
呐喊,陈士成,0.023255813953488372,0.0,0.023809523809523808,0.023809523809523808
呐喊,胡子,0.023255813953488372,0.0,0.023809523809523808,0.023809523809523808
呐喊,花白,0.023255813953488372,0.0,0.023809523809523808,0.023809523809523808
呐喊,从鲁镇,0.023255813953488372,0.0,0.023809523809523808,0.023809523809523808
呐喊,鲁镇,0.023255813953488372,0.0,0.023809523809523808,0.023809523809523808
呐喊,阿五,0.021074090893427325,0.009291521486643438,0.11904761904761904,0.13852813852813853
呐喊,阿五便,0.00587676906094502,0.0,0.023809523809523808,0.08465608465608465
呐喊,咸亨,0.012176139773840744,0.0,0.07142857142857142,0.11721611721611722
呐喊,宝儿,0.01710216470351617,0.0,0.047619047619047616,0.10158730158730157
呐喊,何小,0.011985774340254754,0.0005807200929152149,0.07142857142857142,0.10884353741496597
呐喊,何小仙,0.011985774340254754,0.0005807200929152149,0.07142857142857142,0.10884353741496597
呐喊,王九妈,0.010981941289879862,0.0,0.07142857142857142,0.11721611721611722
呐喊,双喜,0.023255813953488372,0.0,0.023809523809523808,0.023809523809523808
呐喊,阿发,0.023255813953488372,0.0,0.023809523809523808,0.023809523809523808
呐喊,赵贵,0.023255813953488372,0.0,0.023809523809523808,0.023809523809523808
呐喊,赵贵翁,0.023255813953488372,0.0,0.023809523809523808,0.023809523809523808
呐喊,宣公,0.023255813953488372,0.0,0.023809523809523808,0.023809523809523808
呐喊,左传,0.023255813953488372,0.0,0.023809523809523808,0.023809523809523808
呐喊,别传,0.023255813953488372,0.0,0.023809523809523808,0.023809523809523808
呐喊,博徒,0.023255813953488372,0.0,0.023809523809523808,0.023809523809523808
呐喊,胡适,0.023255813953488372,0.0,0.023809523809523808,0.023809523809523808
呐喊,胡适之,0.023255813953488372,0.0,0.023809523809523808,0.023809523809523808
呐喊,和尚,0.014404720583130866,0.0,0.023809523809523808,0.03571428571428571
呐喊,尼姑,0.03210690732384591,0.0023228803716608595,0.047619047619047616,0.05357142857142857
呐喊,赵府,0.013101679402296977,0.0,0.023809523809523808,0.031746031746031744
呐喊,邹七嫂,0.03395077574659743,0.0011614401858304297,0.047619047619047616,0.047619047619047616
呐喊,赵太,0.022714986711570698,0.0,0.023809523809523808,0.031746031746031744
呐喊,桑树,0.014404720583130866,0.0,0.023809523809523808,0.03571428571428571
呐喊,黑狗,0.03210690732384591,0.0023228803716608595,0.047619047619047616,0.05357142857142857
呐喊,陈独秀,0.02287700637613907,0.0,0.047619047619047616,0.05357142857142857
呐喊,罗马字母,0.02287700637613907,0.0,0.047619047619047616,0.05357142857142857
呐喊,子文,0.023255813953488372,0.0,0.023809523809523808,0.023809523809523808
呐喊,若敖氏,0.023255813953488372,0.0,0.023809523809523808,0.023809523809523808
三闲集,郁达夫,0.00462024566743163,0.0,0.011494252873563218,0.09649826249665866
三闲集,鲁迅,0.0617441042254762,0.04383854584335739,0.16091954022988506,0.1659770114942529
三闲集,叶灵凤,0.016582629247985887,0.0002673082063619353,0.022988505747126436,0.022988505747126436
三闲集,潘汉年,0.008754139921461599,0.0,0.011494252873563218,0.01532567049808429
三闲集,华盖,0.006078095773874719,0.0,0.011494252873563218,0.09649826249665866
三闲集,戈壁,0.008754139921461599,0.0,0.011494252873563218,0.01532567049808429
三闲集,明白,0.016582629247985887,0.0002673082063619353,0.022988505747126436,0.022988505747126436
三闲集,老先生,0.008754139921461599,0.0,0.011494252873563218,0.01532567049808429
三闲集,白白,0.008754139921461599,0.0,0.011494252873563218,0.01532567049808429
三闲集,陈西滢,0.011440859806579861,0.0,0.022988505747126436,0.10120549481356883
三闲集,西滢,0.017653365209444032,0.0048115477145148355,0.034482758620689655,0.10373563218390805
三闲集,常燕生,0.011363636363636364,0.0,0.011494252873563218,0.011494252873563218
三闲集,燕生,0.011363636363636364,0.0,0.011494252873563218,0.011494252873563218
三闲集,权威,0.00462024566743163,0.0,0.011494252873563218,0.09649826249665866
三闲集,孙伏园,0.016294986760364415,0.0,0.022988505747126436,0.10373563218390805
三闲集,伏园,0.021034806214282067,0.0090884790163058,0.034482758620689655,0.10919540229885058
三闲集,小峰,0.01007525041069412,0.0048115477145148355,0.022988505747126436,0.07684120902511708
三闲集,古玄,0.011363636363636364,0.0,0.011494252873563218,0.011494252873563218
三闲集,古玄同,0.011363636363636364,0.0,0.011494252873563218,0.011494252873563218
三闲集,徐志摩,0.014473567334327135,0.0021384656508954825,0.034482758620689655,0.04597701149425287
三闲集,陈源,0.011356947451523124,0.0013365410318096765,0.022988505747126436,0.034482758620689655
三闲集,涵庐,0.006531251404255773,0.0,0.011494252873563218,0.02434077079107505
三闲集,乔治,0.011363636363636364,0.0,0.011494252873563218,0.011494252873563218
三闲集,格罗斯,0.011363636363636364,0.0,0.011494252873563218,0.011494252873563218
三闲集,许广平,0.006078095773874719,0.0,0.011494252873563218,0.09649826249665866
三闲集,张竞生,0.011363636363636364,0.0,0.011494252873563218,0.011494252873563218
三闲集,美的,0.011363636363636364,0.0,0.011494252873563218,0.011494252873563218
三闲集,李小峰,0.00684293273318623,0.0,0.011494252873563218,0.05763090676883781
三闲集,卢布,0.011363636363636364,0.0,0.011494252873563218,0.011494252873563218
三闲集,左翼,0.011363636363636364,0.0,0.011494252873563218,0.011494252873563218
三闲集,成仿吾,0.017429813249774752,0.009355787222667736,0.034482758620689655,0.10639552018862364
三闲集,郭沫若,0.004996833319248128,0.0,0.011494252873563218,0.07279693486590039
三闲集,蒋光,0.011363636363636364,0.0,0.011494252873563218,0.011494252873563218
三闲集,蒋光慈,0.011363636363636364,0.0,0.011494252873563218,0.011494252873563218
三闲集,梁实秋,0.009647511236387843,0.0,0.022988505747126436,0.037617554858934164
三闲集,胡适,0.022600714965760306,0.0024057738572574178,0.04597701149425287,0.04597701149425287
三闲集,陶然,0.006078095773874719,0.0,0.011494252873563218,0.09649826249665866
三闲集,景宋,0.00462024566743163,0.0,0.011494252873563218,0.09649826249665866
三闲集,李初梨,0.006642977251599466,0.0,0.011494252873563218,0.07279693486590039
三闲集,甘人君,0.00462024566743163,0.0,0.011494252873563218,0.09649826249665866
三闲集,马克,0.02702061501668495,0.0016038492381716118,0.04597701149425287,0.04597701149425287
三闲集,马克思,0.010542770448128175,0.0,0.011494252873563218,0.026272577996715927
三闲集,黑格尔,0.005239835451978543,0.0,0.011494252873563218,0.026272577996715927
三闲集,陈涉,0.011363636363636364,0.0,0.011494252873563218,0.011494252873563218
三闲集,陈胜,0.011363636363636364,0.0,0.011494252873563218,0.011494252873563218
三闲集,邹容,0.021801622132335413,0.0008019246190858059,0.034482758620689655,0.034482758620689655
三闲集,马前卒,0.007884307774070013,0.0,0.011494252873563218,0.020689655172413793
三闲集,邹容著,0.007884307774070013,0.0,0.011494252873563218,0.020689655172413793
三闲集,章太炎,0.007884307774070013,0.0,0.011494252873563218,0.020689655172413793
三闲集,顾颉刚,0.00462024566743163,0.0,0.011494252873563218,0.09649826249665866
三闲集,晓岚,0.011363636363636364,0.0,0.011494252873563218,0.011494252873563218
三闲集,纪晓岚,0.011363636363636364,0.0,0.011494252873563218,0.011494252873563218
三闲集,胡适之,0.00938879295061843,0.0,0.011494252873563218,0.029556650246305417
三闲集,马克斯,0.008775125449411631,0.0,0.011494252873563218,0.026272577996715927
三闲集,汉医,0.011363636363636364,0.0,0.011494252873563218,0.011494252873563218
三闲集,金泽,0.011363636363636364,0.0,0.011494252873563218,0.011494252873563218
三闲集,多纪氏,0.01568860244233379,0.00013365410318096765,0.034482758620689655,0.034482758620689655
三闲集,纪氏,0.01568860244233379,0.00013365410318096765,0.034482758620689655,0.034482758620689655
三闲集,梦香,0.007038670284938944,0.00013365410318096765,0.022988505747126436,0.02586206896551724
三闲集,陈余,0.007038670284938944,0.00013365410318096765,0.022988505747126436,0.02586206896551724
三闲集,仲景,0.011363636363636364,0.0,0.011494252873563218,0.011494252873563218
三闲集,仲景氏,0.011363636363636364,0.0,0.011494252873563218,0.011494252873563218
三闲集,契诃夫,0.011363636363636364,0.0,0.022988505747126436,0.022988505747126436
三闲集,罗喀绥,0.011363636363636364,0.0,0.022988505747126436,0.022988505747126436
三闲集,安特,0.011363636363636364,0.0,0.022988505747126436,0.022988505747126436
三闲集,杜威,0.005546669202581942,0.0,0.011494252873563218,0.029556650246305417
三闲集,和西滢,0.00716103676586404,0.0,0.011494252873563218,0.07154181529924693
三闲集,敬文,0.00462024566743163,0.0,0.011494252873563218,0.09649826249665866
三闲集,列宁,0.005239835451978543,0.0,0.011494252873563218,0.026272577996715927
三闲集,公孙康,0.011363636363636364,0.0,0.011494252873563218,0.011494252873563218
三闲集,袁尚,0.011363636363636364,0.0,0.011494252873563218,0.011494252873563218
三闲集,斯坦因,0.011363636363636364,0.0,0.011494252873563218,0.011494252873563218
三闲集,霍善,0.011363636363636364,0.0,0.011494252873563218,0.011494252873563218
三闲集,文宣,0.01207948082952268,0.0008019246190858059,0.022988505747126436,0.03065134099616858
三闲集,文宣王,0.0068383251643093865,0.0,0.011494252873563218,0.020434227330779053
三闲集,田恒,0.016582629247985887,0.0002673082063619353,0.022988505747126436,0.022988505747126436
三闲集,齐田恒,0.008754139921461599,0.0,0.011494252873563218,0.01532567049808429
三闲集,南子,0.011363636363636364,0.0,0.011494252873563218,0.011494252873563218
三闲集,子见南子,0.011363636363636364,0.0,0.011494252873563218,0.011494252873563218
三闲集,孔丘,0.016102445637438473,0.0010692328254477412,0.034482758620689655,0.0367816091954023
三闲集,陈恒,0.008754139921461599,0.0,0.011494252873563218,0.01532567049808429
三闲集,孔子,0.010898965093455637,0.0,0.022988505747126436,0.026272577996715927
三闲集,鲁定公,0.010898965093455637,0.0,0.022988505747126436,0.026272577996715927
三闲集,孟子,0.011363636363636364,0.0,0.011494252873563218,0.011494252873563218
三闲集,滕文公,0.011363636363636364,0.0,0.011494252873563218,0.011494252873563218
三闲集,大侠,0.011363636363636364,0.0,0.022988505747126436,0.022988505747126436
三闲集,权贵,0.011363636363636364,0.0,0.022988505747126436,0.022988505747126436
三闲集,游侠,0.011363636363636364,0.0,0.022988505747126436,0.022988505747126436
二心集,傅彦长,0.0220616261305542,0.0008207934336525308,0.03488372093023256,0.03488372093023256
二心集,傅彦长君,0.007079272665490258,0.0,0.011627906976744186,0.020930232558139535
二心集,史传,0.007079272665490258,0.0,0.011627906976744186,0.020930232558139535
二心集,元帅,0.008852409559315473,0.0,0.011627906976744186,0.015503875968992248
二心集,成吉思,0.016777939502058716,0.00027359781121751026,0.023255813953488372,0.023255813953488372
二心集,孙子,0.011494252873563218,0.0,0.011627906976744186,0.011627906976744186
二心集,西征,0.011494252873563218,0.0,0.011627906976744186,0.011627906976744186
二心集,成吉思汗,0.008852409559315473,0.0,0.011627906976744186,0.015503875968992248
二心集,友谊,0.010278063884971671,0.0,0.011627906976744186,0.015503875968992248
二心集,罗斯,0.016777939502058716,0.00027359781121751026,0.023255813953488372,0.023255813953488372
二心集,张大,0.007426755233659274,0.0,0.011627906976744186,0.015503875968992248
二心集,朱应鹏,0.009756840032718145,0.0,0.011627906976744186,0.020930232558139535
二心集,宣言,0.003106593508976892,0.0,0.011627906976744186,0.08353381448810479
二心集,马克,0.05123224546385765,0.0387140902872777,0.13953488372093023,0.1153562200073828
二心集,马克思,0.010436779961096189,0.0,0.023255813953488372,0.08450513791238508
二心集,惠勒,0.011494252873563218,0.0,0.011627906976744186,0.011627906976744186
二心集,荷惠勒,0.011494252873563218,0.0,0.011627906976744186,0.011627906976744186
二心集,焦先,0.011494252873563218,0.0,0.011627906976744186,0.011627906976744186
二心集,牛庐,0.011494252873563218,0.0,0.011627906976744186,0.011627906976744186
二心集,卢布,0.00985067310902602,0.006566347469220246,0.023255813953488372,0.06856077226853884
二心集,左翼,0.014599735113355492,0.012585499316005472,0.03488372093023256,0.0865171650055371
二心集,左联,0.019209311066671588,0.006566347469220246,0.046511627906976744,0.0865171650055371
二心集,鲁迅,0.027516169285885957,0.04569083447332421,0.08139534883720931,0.11011275546159267
二心集,冯雪峰,0.007227381037595751,0.0,0.011627906976744186,0.08074935400516797
二心集,胡适,0.022061626130554207,0.0008207934336525308,0.03488372093023256,0.03488372093023256
二心集,胡适之,0.012969920873391615,0.0,0.011627906976744186,0.020930232558139535
二心集,文必夏,0.011494252873563218,0.0,0.011627906976744186,0.011627906976744186
二心集,须信雅,0.011494252873563218,0.0,0.011627906976744186,0.011627906976744186
二心集,严又陵,0.011494252873563218,0.0,0.011627906976744186,0.011627906976744186
二心集,赵老爷,0.011494252873563218,0.0,0.011627906976744186,0.011627906976744186
二心集,吴汝纶,0.016777939502058716,0.00027359781121751026,0.023255813953488372,0.023255813953488372
二心集,桐城派,0.008852409559315473,0.0,0.011627906976744186,0.015503875968992248
二心集,诸子,0.008852409559315473,0.0,0.011627906976744186,0.015503875968992248
二心集,严复,0.011494252873563218,0.0,0.011627906976744186,0.011627906976744186
二心集,赫胥黎,0.011494252873563218,0.0,0.011627906976744186,0.011627906976744186
二心集,马克斯,0.029556259775612114,0.0019151846785225718,0.046511627906976744,0.10093669250645995
二心集,蒲力汗,0.02352599308198001,0.0426812585499316,0.05813953488372093,0.12317698068584942
二心集,列宁,0.011447112290836073,0.01012311901504788,0.046511627906976744,0.10235833606288897
二心集,门塞,0.006537485241064458,0.03337893296853625,0.03488372093023256,0.09955399808856323
二心集,卢森堡,0.011494252873563218,0.0,0.011627906976744186,0.011627906976744186
二心集,罗若,0.011494252873563218,0.0,0.011627906976744186,0.011627906976744186
二心集,恩格斯,0.003106593508976892,0.0,0.011627906976744186,0.08353381448810479
二心集,普列汉诺,0.006354232951810008,0.006566347469220246,0.03488372093023256,0.0865171650055371
二心集,列宁选集,0.0034932354483297205,0.0,0.011627906976744186,0.07649938800489596
二心集,卢那,0.010151492708285416,0.04213406292749658,0.03488372093023256,0.11913839115516585
二心集,卢那察,0.006632953036857313,0.0,0.023255813953488372,0.09689922480620156
二心集,罗隆基,0.005472732245153527,0.0,0.011627906976744186,0.020930232558139535
二心集,阿狗阿猫,0.010705361604911829,0.0,0.023255813953488372,0.026162790697674417
二心集,阿猫,0.014528450060683944,0.00013679890560875513,0.03488372093023256,0.03488372093023256
二心集,阿狗,0.014528450060683944,0.00013679890560875513,0.03488372093023256,0.03488372093023256
二心集,拓荒者,0.01761323817560319,0.003967168262653899,0.046511627906976744,0.056976744186046514
二心集,梁实秋,0.01761323817560319,0.003967168262653899,0.046511627906976744,0.056976744186046514
二心集,成仿吾,0.00505108291975953,0.0,0.011627906976744186,0.03561046511627907
二心集,陈西滢,0.011656345199445068,0.0,0.023255813953488372,0.037984496124031014
二心集,西滢,0.011656345199445068,0.0,0.023255813953488372,0.037984496124031014
二心集,茅盾,0.00505108291975953,0.0,0.011627906976744186,0.03561046511627907
二心集,孟子,0.011494252873563218,0.0,0.011627906976744186,0.011627906976744186
二心集,孟子曰,0.011494252873563218,0.0,0.011627906976744186,0.011627906976744186
二心集,蒋介石,0.005472732245153527,0.0,0.011627906976744186,0.020930232558139535
二心集,梅兰芳,0.011494252873563218,0.0,0.011627906976744186,0.011627906976744186
二心集,黛玉,0.011494252873563218,0.0,0.011627906976744186,0.011627906976744186
二心集,小传,0.0074444765097804,0.0,0.023255813953488372,0.08258456659619451
二心集,李伟森,0.0046928549564997655,0.0,0.011627906976744186,0.06729112833763996
二心集,王国维,0.011494252873563218,0.0,0.011627906976744186,0.011627906976744186
二心集,郑振铎,0.011494252873563218,0.0,0.011627906976744186,0.011627906976744186
二心集,金镑,0.005910679509144292,0.0,0.011627906976744186,0.055903398926654746
二心集,梁先生,0.009301427094364,0.006566347469220246,0.023255813953488372,0.08258456659619451
二心集,雷马克,0.003106593508976892,0.0,0.011627906976744186,0.08353381448810479
二心集,包胥,0.011494252873563218,0.0,0.011627906976744186,0.011627906976744186
二心集,秦庭,0.011494252873563218,0.0,0.011627906976744186,0.011627906976744186
二心集,吴友如,0.014922363379713652,0.0005471956224350205,0.023255813953488372,0.026162790697674417
二心集,石斋,0.014922363379713652,0.0005471956224350205,0.023255813953488372,0.026162790697674417
二心集,墨宝,0.008066142367412784,0.0,0.011627906976744186,0.01744186046511628
二心集,石印,0.008066142367412784,0.0,0.011627906976744186,0.01744186046511628
二心集,兰麻克,0.007169052550710714,0.0,0.023255813953488372,0.08450513791238508
二心集,麻克,0.007169052550710714,0.0,0.023255813953488372,0.08450513791238508
二心集,张资平,0.011494252873563218,0.0,0.011627906976744186,0.011627906976744186
二心集,张资平氏,0.011494252873563218,0.0,0.011627906976744186,0.011627906976744186
二心集,斯特大,0.011494252873563218,0.0,0.011627906976744186,0.011627906976744186
二心集,韦白,0.011494252873563218,0.0,0.011627906976744186,0.011627906976744186
二心集,卢梭,0.011494252873563218,0.0,0.011627906976744186,0.011627906976744186
二心集,文明,0.011494252873563218,0.0,0.011627906976744186,0.011627906976744186
二心集,孙博士,0.0043949415024373785,0.0013679890560875513,0.023255813953488372,0.08450513791238508
二心集,蒋先生,0.00567724993980191,0.0,0.011627906976744186,0.06488787375415284
二心集,蒋光慈,0.011656345199445068,0.0,0.023255813953488372,0.037984496124031014
二心集,蒋光,0.011656345199445068,0.0,0.023255813953488372,0.037984496124031014
二心集,阿猫阿狗,0.006214749767973156,0.00027359781121751026,0.023255813953488372,0.026162790697674417
华盖集续编的续编,乌合,0.04434850948949825,0.0,0.08333333333333333,0.25
华盖集续编的续编,鲁迅,0.21230535522769095,0.21212121212121213,0.41666666666666663,0.42857142857142855
华盖集续编的续编,权威,0.04434850948949825,0.0,0.08333333333333333,0.25
华盖集续编的续编,周树人,0.04434850948949825,0.0,0.08333333333333333,0.25
华盖集续编的续编,伏园,0.08478447725390435,0.07575757575757576,0.16666666666666666,0.3
华盖集续编的续编,孙伏园,0.04757264404643187,0.0,0.08333333333333333,0.2
华盖集续编的续编,宋振山,0.07692307692307693,0.0,0.08333333333333333,0.08333333333333333
华盖集续编的续编,赵振,0.07692307692307693,0.0,0.08333333333333333,0.08333333333333333
华盖集续编的续编,许广平,0.06075353346501659,0.0,0.08333333333333333,0.25
华盖集续编的续编,蓝青,0.07692307692307693,0.0,0.08333333333333333,0.08333333333333333
华盖集续编的续编,蓝青官话,0.07692307692307693,0.0,0.08333333333333333,0.08333333333333333
华盖集续编的续编,振玉,0.07692307692307693,0.0,0.08333333333333333,0.08333333333333333
华盖集续编的续编,罗振玉,0.07692307692307693,0.0,0.08333333333333333,0.08333333333333333
华盖集续编,徐谦,0.005682380629520487,0.007654966392830471,0.019230769230769232,0.11778846153846155
华盖集续编,顾兆熊,0.0038435842371515854,0.0,0.009615384615384616,0.09168399168399169
华盖集续编,师范,0.00949074826891524,0.052355613642021424,0.06730769230769232,0.17486122125297385
华盖集续编,章士钊,0.04666541022937273,0.04893888473985561,0.15384615384615385,0.22027972027972026
华盖集续编,士钊,0.047017619684680524,0.04520475479213343,0.15384615384615385,0.22027972027972026
华盖集续编,段祺瑞,0.017993882364271636,0.02949962658700523,0.07692307692307693,0.16153846153846155
华盖集续编,贾德耀,0.0024153329410160755,0.0,0.009615384615384616,0.11617492096944151
华盖集续编,西滢,0.04759153324155289,0.006970375902414738,0.13461538461538464,0.2094017094017094
华盖集续编,陈西滢,0.04324716212749599,0.01741038088125467,0.125,0.20192307692307693
华盖集续编,周树人,0.002429977616662756,0.0,0.009615384615384616,0.11538461538461538
华盖集续编,鲁迅,0.01649375097156348,0.017565969629076424,0.06730769230769232,0.1600145137880987
华盖集续编,黎元洪,0.003525534945705111,0.0,0.019230769230769232,0.11697612732095491
华盖集续编,张勋,0.005224479018837305,0.03924570575056012,0.038461538461538464,0.1541958041958042
华盖集续编,方玄绰,0.009523809523809525,0.0,0.009615384615384616,0.009615384615384616
华盖集续编,玄绰,0.009523809523809525,0.0,0.009615384615384616,0.009615384615384616
华盖集续编,季裕,0.009523809523809525,0.0,0.009615384615384616,0.009615384615384616
华盖集续编,庄季裕,0.009523809523809525,0.0,0.009615384615384616,0.009615384615384616
华盖集续编,宋江,0.009523809523809525,0.0,0.009615384615384616,0.009615384615384616
华盖集续编,梁山,0.009523809523809525,0.0,0.009615384615384616,0.009615384615384616
华盖集续编,胡适,0.006844197076517775,0.007654966392830471,0.019230769230769232,0.11383582860092926
华盖集续编,胡适之,0.005583951551432007,0.0,0.009615384615384616,0.08927125506072875
华盖集续编,道德,0.009523809523809525,0.0,0.009615384615384616,0.009615384615384616
华盖集续编,道德家,0.009523809523809525,0.0,0.009615384615384616,0.009615384615384616
华盖集续编,介涅夫,0.009523809523809525,0.0,0.009615384615384616,0.009615384615384616
华盖集续编,都介涅夫,0.009523809523809525,0.0,0.009615384615384616,0.009615384615384616
华盖集续编,杨振声,0.009523809523809525,0.0,0.009615384615384616,0.009615384615384616
华盖集续编,玉君,0.009523809523809525,0.0,0.009615384615384616,0.009615384615384616
华盖集续编,封信,0.010375577216884532,0.011155713218820015,0.057692307692307696,0.1541958041958042
华盖集续编,封信中,0.0036746977348433383,0.005803460293751556,0.028846153846153848,0.14253393665158373
华盖集续编,关羽,0.009523809523809525,0.0,0.009615384615384616,0.009615384615384616
华盖集续编,岳飞,0.009523809523809525,0.0,0.009615384615384616,0.009615384615384616
华盖集续编,释迦,0.009523809523809525,0.0,0.009615384615384616,0.009615384615384616
华盖集续编,释迦牟尼,0.009523809523809525,0.0,0.009615384615384616,0.009615384615384616
华盖集续编,华尔,0.009523809523809525,0.0,0.009615384615384616,0.009615384615384616
华盖集续编,本华尔,0.009523809523809525,0.0,0.009615384615384616,0.009615384615384616
华盖集续编,杨荫榆,0.009778819543300475,0.011936768732885234,0.057692307692307696,0.17668269230769232
华盖集续编,左拉,0.00443376111284879,0.0,0.028846153846153848,0.14622015915119363
华盖集续编,赫胥黎,0.009523809523809525,0.0,0.009615384615384616,0.009615384615384616
华盖集续编,达尔文,0.009523809523809525,0.0,0.009615384615384616,0.009615384615384616
华盖集续编,徐志摩,0.013777801788032026,0.023867313915857606,0.057692307692307696,0.1541958041958042
华盖集续编,冯玉祥,0.011506316814145658,9.335324869305452e-05,0.028846153846153848,0.028846153846153848
华盖集续编,张作霖,0.011506316814145658,9.335324869305452e-05,0.028846153846153848,0.028846153846153848
华盖集续编,郭松龄,0.0075413022334733905,0.0,0.019230769230769232,0.021634615384615384
华盖集续编,刘百昭,0.0040501582334983716,0.0,0.019230769230769232,0.14497041420118342
华盖集续编,孟子,0.009523809523809525,0.0,0.009615384615384616,0.009615384615384616
华盖集续编,滕文公,0.009523809523809525,0.0,0.009615384615384616,0.009615384615384616
华盖集续编,于章,0.0033947615322666358,0.0,0.019230769230769232,0.14497041420118342
华盖集续编,晏子,0.009523809523809525,0.0,0.009615384615384616,0.009615384615384616
华盖集续编,晏子春秋,0.009523809523809525,0.0,0.009615384615384616,0.009615384615384616
华盖集续编,孤桐,0.00794724420659221,0.0005601194921583271,0.04807692307692308,0.17307692307692307
华盖集续编,杨德群,0.009241243678319229,0.01574558127956186,0.057692307692307696,0.1541958041958042
华盖集续编,雷榆,0.0036944440183195922,9.335324869305452e-05,0.028846153846153848,0.14749163879598662
华盖集续编,孔子,0.007325654300641629,0.0,0.009615384615384616,0.01282051282051282
华盖集续编,耶稣,0.013920119970145316,0.00018670649738610905,0.019230769230769232,0.019230769230769232
华盖集续编,孔丘,0.007325654300641629,0.0,0.009615384615384616,0.01282051282051282
华盖集续编,李景林,0.0075413022334733905,0.0,0.019230769230769232,0.021634615384615384
华盖集续编,常维钧,0.009523809523809525,0.0,0.009615384615384616,0.009615384615384616
华盖集续编,维钧,0.009523809523809525,0.0,0.009615384615384616,0.009615384615384616
华盖集续编,小峰,0.009523809523809525,0.0,0.009615384615384616,0.009615384615384616
华盖集续编,李小峰,0.009523809523809525,0.0,0.009615384615384616,0.009615384615384616
华盖集续编,陈源,0.011060917328980176,0.04514251929300473,0.07692307692307693,0.1863905325443787
华盖集续编,明白,0.002283278395712733,0.0,0.009615384615384616,0.1284965034965035
华盖集续编,陈锡,0.009523809523809525,0.0,0.009615384615384616,0.009615384615384616
华盖集续编,陈锡路,0.009523809523809525,0.0,0.009615384615384616,0.009615384615384616
华盖集续编,彭城,0.009523809523809525,0.0,0.009615384615384616,0.009615384615384616
华盖集续编,武平,0.009523809523809525,0.0,0.009615384615384616,0.009615384615384616
华盖集续编,欧阳修,0.009523809523809525,0.0,0.009615384615384616,0.009615384615384616
华盖集续编,醉翁亭,0.009523809523809525,0.0,0.009615384615384616,0.009615384615384616
华盖集续编,秦中,0.009523809523809525,0.0,0.009615384615384616,0.009615384615384616
华盖集续编,袁石,0.009523809523809525,0.0,0.009615384615384616,0.009615384615384616
华盖集续编,诸书,0.009523809523809525,0.0,0.009615384615384616,0.009615384615384616
华盖集续编,陈忱,0.009523809523809525,0.0,0.009615384615384616,0.009615384615384616
华盖集续编,宣武,0.009523809523809525,0.0,0.009615384615384616,0.009615384615384616
华盖集续编,宣武门,0.009523809523809525,0.0,0.009615384615384616,0.009615384615384616
华盖集续编,古德诺,0.0027780935414639827,0.0,0.009615384615384616,0.11013986013986013
华盖集续编,袁世凯,0.006350691573852084,0.007692307692307694,0.038461538461538464,0.15010211027910145
华盖集续编,李四光,0.00343459327904888,0.0,0.019230769230769232,0.12029459901800327
华盖集续编,萧伯,0.004387191417192438,0.0,0.028846153846153848,0.14134615384615384
华盖集续编,萧伯纳,0.004387191417192438,0.0,0.028846153846153848,0.14134615384615384
华盖集续编,慈善,0.009523809523809525,0.0,0.009615384615384616,0.009615384615384616
华盖集续编,王芝,0.009523809523809525,0.0,0.009615384615384616,0.009615384615384616
华盖集续编,子孙,0.009523809523809525,0.0,0.009615384615384616,0.009615384615384616
华盖集续编,黄帝,0.009523809523809525,0.0,0.009615384615384616,0.009615384615384616
华盖集续编,刘玄德,0.009523809523809525,0.0,0.009615384615384616,0.009615384615384616
华盖集续编,玄德,0.009523809523809525,0.0,0.009615384615384616,0.009615384615384616
华盖集续编,权威,0.002283278395712733,0.0,0.009615384615384616,0.1284965034965035
华盖集续编,王春娥,0.009523809523809525,0.0,0.019230769230769232,0.019230769230769232
华盖集续编,薛广,0.009523809523809525,0.0,0.019230769230769232,0.019230769230769232
华盖集续编,薛倚,0.009523809523809525,0.0,0.019230769230769232,0.019230769230769232
华盖集续编,朱深,0.00421950709970187,3.734129947722181e-05,0.028846153846153848,0.15280665280665282
华盖集续编,诸侯,0.009523809523809525,0.0,0.009615384615384616,0.009615384615384616
华盖集续编,诸葛亮,0.009523809523809525,0.0,0.009615384615384616,0.009615384615384616
华盖集续编,塞文狄,0.009523809523809525,0.0,0.009615384615384616,0.009615384615384616
华盖集续编,塞文狄斯,0.009523809523809525,0.0,0.009615384615384616,0.009615384615384616
华盖集续编,封信里,0.002163507727147084,0.0,0.009615384615384616,0.11232806928171166
华盖集续编,曹锟,0.007352628490390897,0.008065720687079912,0.04807692307692308,0.1514423076923077
华盖集续编,彭允彝,0.004644708534660135,0.0,0.028846153846153848,0.14749163879598662
华盖集续编,吴佩孚,0.0026785184309649278,0.0,0.009615384615384616,0.11085972850678734
华盖集续编,徐树铮,0.0024153329410160755,0.0,0.009615384615384616,0.11617492096944151
华盖集续编,惠略夫,0.009523809523809525,0.0,0.009615384615384616,0.009615384615384616
华盖集续编,阿尔志跋,0.009523809523809525,0.0,0.009615384615384616,0.009615384615384616
华盖集续编,刘和珍,0.006376234705382722,0.007654966392830471,0.028846153846153848,0.1356923076923077
华盖集续编,程君,0.0025041892746009726,0.0,0.009615384615384616,0.12290969899665553
华盖集续编,和蔼,0.00323517084127759,0.0,0.009615384615384616,0.10217794253938832
华盖集续编,张静,0.002550722159911166,0.0,0.009615384615384616,0.11232806928171166
